Collection,Product handle,Product title
Necklace Sets,oxidised-silver-pearl-layered-necklace-set,Oxidised Silver Pearl Layered Necklace Set with Pink & Green Stones and Matching Earrings for Women | Traditional Ethnic Jewellery
Oxidised Jewellery,oxidised-silver-pearl-layered-necklace-set,Oxidised Silver Pearl Layered Necklace Set with Pink & Green Stones and Matching Earrings for Women | Traditional Ethnic Jewellery
Necklace Sets,oxidised-silver-mirror-work-necklace-set,"Oxidised Silver Mirror Work Necklace Set with Multicolour Floral Stones, Bead Drops & Matching Earrings for Women | Traditional Ethnic Jewellery"
Oxidised Jewellery,oxidised-silver-mirror-work-necklace-set,"Oxidised Silver Mirror Work Necklace Set with Multicolour Floral Stones, Bead Drops & Matching Earrings for Women | Traditional Ethnic Jewellery"
Necklace Sets,oxidised-silver-elephant-pendant-necklace-set,Oxidised Silver Elephant Pendant Necklace Set with White Beaded Multi-Strand Chain & Matching Earrings for Women | Traditional Ethnic Jewellery
Oxidised Jewellery,oxidised-silver-elephant-pendant-necklace-set,Oxidised Silver Elephant Pendant Necklace Set with White Beaded Multi-Strand Chain & Matching Earrings for Women | Traditional Ethnic Jewellery
Necklace Sets,oxidised-silver-traditional-pendant-necklace-set,Oxidised Silver Traditional Pendant Necklace Set with Pink & Green Stones and Matching Earrings for Women | Ethnic Jewellery
Oxidised Jewellery,oxidised-silver-traditional-pendant-necklace-set,Oxidised Silver Traditional Pendant Necklace Set with Pink & Green Stones and Matching Earrings for Women | Ethnic Jewellery
Necklace Sets,oxidised-silver-floral-necklace-set,Oxidised Silver Floral Necklace Set with Pink & Green Stones and Matching Earrings for Women | Traditional Ethnic Jewellery
Oxidised Jewellery,oxidised-silver-floral-necklace-set,Oxidised Silver Floral Necklace Set with Pink & Green Stones and Matching Earrings for Women | Traditional Ethnic Jewellery
Necklace Sets,oxidised-silver-peacock-pendant-necklace-set,Oxidised Silver Peacock Pendant Necklace Set with Matching Jhumka Earrings for Women | Traditional Ethnic Jewellery
Oxidised Jewellery,oxidised-silver-peacock-pendant-necklace-set,Oxidised Silver Peacock Pendant Necklace Set with Matching Jhumka Earrings for Women | Traditional Ethnic Jewellery
Oxidised Jewellery,oxidised-silver-tone-peacock-feather-maang-tikka-for-women-traditional,Oxidised Silver-Tone Peacock Feather Maang Tikka for Women | Traditional Floral Round Pendant with Silver Bead Drops | Ethnic Festive Jewellery
Accessories,oxidised-silver-tone-peacock-feather-maang-tikka-for-women-traditional,Oxidised Silver-Tone Peacock Feather Maang Tikka for Women | Traditional Floral Round Pendant with Silver Bead Drops | Ethnic Festive Jewellery
Necklace Sets,traditional-gold-tone-chandbali-necklace-set,"Traditional Gold-Tone Chandbali Necklace Set with Pink, Green & Clear Stone Accents"
Gold-Tone Jewellery,traditional-gold-tone-chandbali-necklace-set,"Traditional Gold-Tone Chandbali Necklace Set with Pink, Green & Clear Stone Accents"
Necklace Sets,traditional-gold-tone-choker-necklace-set-wit-earrings,"Traditional Gold-Tone Choker Necklace Set with Pink & Green Stones, Pearls & Matching Earrings"
Gold-Tone Jewellery,traditional-gold-tone-choker-necklace-set-wit-earrings,"Traditional Gold-Tone Choker Necklace Set with Pink & Green Stones, Pearls & Matching Earrings"
Necklace Sets,multi-strand-pearl-necklace-set-with-traditional-gold-tone-earrings,Multi-Strand Pearl Necklace Set with Traditional Gold-Tone Pendant & Matching Earrings
Gold-Tone Jewellery,multi-strand-pearl-necklace-set-with-traditional-gold-tone-earrings,Multi-Strand Pearl Necklace Set with Traditional Gold-Tone Pendant & Matching Earrings
Gold-Tone Jewellery,traditional-gold-tone-temple-necklace,Traditional Gold-Tone Temple Necklace with Statement Pendant & Pink Green Stone Detailing
Necklace Sets,multi-strand-pearl-necklace-set-with-floral-pendant-earrings,Multi-Strand Pearl Necklace Set with Floral Pendant & Matching Earrings
Gold-Tone Jewellery,multi-strand-pearl-necklace-set-with-floral-pendant-earrings,Multi-Strand Pearl Necklace Set with Floral Pendant & Matching Earrings
Necklace Sets,traditional-gold-tone-necklace-set-with-jhumka-earrings,"Traditional Gold-Tone Necklace Set with Pink & Green Stones, Pearl Drops & Jhumka Earrings"
Gold-Tone Jewellery,traditional-gold-tone-necklace-set-with-jhumka-earrings,"Traditional Gold-Tone Necklace Set with Pink & Green Stones, Pearl Drops & Jhumka Earrings"
Gold-Tone Jewellery,traditional-gold-tone-mangalsutra-necklace,Traditional Gold-Tone Mangalsutra Necklace with Black Beads & Temple Pendant
Mangalsutras,traditional-gold-tone-mangalsutra-necklace,Traditional Gold-Tone Mangalsutra Necklace with Black Beads & Temple Pendant
Necklace Sets,traditional-gold-tone-temple-necklace-set,Traditional Gold-Tone Temple Necklace Set with Green & Pink Stones and Pearl Drops
Gold-Tone Jewellery,traditional-gold-tone-temple-necklace-set,Traditional Gold-Tone Temple Necklace Set with Green & Pink Stones and Pearl Drops
Gold-Tone Jewellery,traditional-gold-tone-kundan-inspired-bracelet-watch-for-women,Traditional Gold-Tone Kundan-Inspired Bracelet Watch for Women with Pearl & Stone
Accessories,traditional-gold-tone-kundan-inspired-bracelet-watch-for-women,Traditional Gold-Tone Kundan-Inspired Bracelet Watch for Women with Pearl & Stone
Gold-Tone Jewellery,gold-tone-curved-pendant-black-beaded-mangalsutra-necklace,Gold-Tone Curved Pendant Black Beaded Mangalsutra Necklace with Clear Stone
Mangalsutras,gold-tone-curved-pendant-black-beaded-mangalsutra-necklace,Gold-Tone Curved Pendant Black Beaded Mangalsutra Necklace with Clear Stone
Gold-Tone Jewellery,gold-tone-double-pendant-black-beaded-mangalsutra-necklace-with-red-stones,Gold-Tone Double Pendant Black Beaded Mangalsutra Necklace with Red Stones
Mangalsutras,gold-tone-double-pendant-black-beaded-mangalsutra-necklace-with-red-stones,Gold-Tone Double Pendant Black Beaded Mangalsutra Necklace with Red Stones
Necklace Sets,traditional-gold-tone-choker-necklace-set,Traditional Gold-Tone Choker Necklace Set with Red & Green Stones & Pearl Drops
Gold-Tone Jewellery,traditional-gold-tone-choker-necklace-set,Traditional Gold-Tone Choker Necklace Set with Red & Green Stones & Pearl Drops
Necklace Sets,traditional-gold-tone-ghungroo-necklace-set,Traditional Gold-Tone Ghungroo Necklace Set
Gold-Tone Jewellery,traditional-gold-tone-ghungroo-necklace-set,Traditional Gold-Tone Ghungroo Necklace Set
Necklace Sets,navrang-floral-mandala-oxidised-necklace-set,Navrang Floral Mandala Oxidised Necklace Set
Oxidised Jewellery,navrang-floral-mandala-oxidised-necklace-set,Navrang Floral Mandala Oxidised Necklace Set
