Product handle,Current SEO title (previous export),Suggested SEO title,Suggested meta description,Suggested primary image alt,Notes
oxidised-silver-pearl-layered-necklace-set,,Oxidised Pearl Layered Necklace Set | Gujju Jewels,"Shop the oxidised pearl layered necklace set with matching earrings at Gujju Jewels. Explore the product photos, design details and jewellery care information.",Oxidised Pearl Layered Necklace Set — front view,Reference only; verify actual image view and product details before saving. Existing SEO titles need not be replaced if already effective.
oxidised-silver-mirror-work-necklace-set,,Oxidised Mirror Work Necklace Set | Gujju Jewels,"Shop the oxidised mirror work necklace set with matching earrings at Gujju Jewels. Explore the product photos, design details and jewellery care information.",Oxidised Mirror Work Necklace Set — front view,Reference only; verify actual image view and product details before saving. Existing SEO titles need not be replaced if already effective.
oxidised-silver-elephant-pendant-necklace-set,,Oxidised Elephant Pendant Necklace Set | Gujju Jewels,"Shop the oxidised elephant pendant necklace set with matching earrings at Gujju Jewels. Explore the product photos, design details and jewellery care information.",Oxidised Elephant Pendant Necklace Set — front view,Reference only; verify actual image view and product details before saving. Existing SEO titles need not be replaced if already effective.
oxidised-silver-traditional-pendant-necklace-set,,Oxidised Traditional Pendant Necklace Set | Gujju Jewels,"Shop the oxidised traditional pendant necklace set with matching earrings at Gujju Jewels. Explore the product photos, design details and jewellery care information.",Oxidised Traditional Pendant Necklace Set — front view,Reference only; verify actual image view and product details before saving. Existing SEO titles need not be replaced if already effective.
oxidised-silver-floral-necklace-set,,Oxidised Floral Necklace Set | Gujju Jewels,"Shop the oxidised floral necklace set with matching earrings at Gujju Jewels. Explore the product photos, design details and jewellery care information.",Oxidised Floral Necklace Set — front view,Reference only; verify actual image view and product details before saving. Existing SEO titles need not be replaced if already effective.
oxidised-silver-peacock-pendant-necklace-set,,Oxidised Peacock Pendant Necklace Set | Gujju Jewels,"Shop the oxidised peacock pendant necklace set with matching earrings at Gujju Jewels. Explore the product photos, design details and jewellery care information.",Oxidised Peacock Pendant Necklace Set — front view,Reference only; verify actual image view and product details before saving. Existing SEO titles need not be replaced if already effective.
oxidised-silver-tone-peacock-feather-maang-tikka-for-women-traditional,,Oxidised Peacock Feather Maang Tikka | Gujju Jewels,"Shop the oxidised peacock feather maang tikka for traditional and festive outfits at Gujju Jewels. Explore the product photos, design details and jewellery care information.",Oxidised Peacock Feather Maang Tikka — front view,Reference only; verify actual image view and product details before saving. Existing SEO titles need not be replaced if already effective.
traditional-gold-tone-chandbali-necklace-set,,Gold-Tone Chandbali Necklace Set | Gujju Jewels,"Shop the gold-tone chandbali necklace set with matching earrings at Gujju Jewels. Explore the product photos, design details and jewellery care information.",Gold-Tone Chandbali Necklace Set — front view,Reference only; verify actual image view and product details before saving. Existing SEO titles need not be replaced if already effective.
traditional-gold-tone-choker-necklace-set-wit-earrings,,Gold-Tone Choker Set with Pink & Green Stones | Gujju Jewels,"Shop the gold-tone choker set with pink & green stones for traditional and festive outfits at Gujju Jewels. Explore the product photos, design details and jewellery care information.",Gold-Tone Choker Set with Pink & Green Stones — front view,Reference only; verify actual image view and product details before saving. Existing SEO titles need not be replaced if already effective.
multi-strand-pearl-necklace-set-with-traditional-gold-tone-earrings,,Pearl Necklace Set with Gold-Tone Pendant | Gujju Jewels,"Shop the pearl necklace set with gold-tone pendant with matching earrings at Gujju Jewels. Explore the product photos, design details and jewellery care information.",Pearl Necklace Set with Gold-Tone Pendant — front view,Reference only; verify actual image view and product details before saving. Existing SEO titles need not be replaced if already effective.
traditional-gold-tone-temple-necklace,,Gold-Tone Temple Pendant Necklace | Gujju Jewels,"Shop the gold-tone temple pendant necklace for traditional and festive outfits at Gujju Jewels. Explore the product photos, design details and jewellery care information.",Gold-Tone Temple Pendant Necklace — front view,Reference only; verify actual image view and product details before saving. Existing SEO titles need not be replaced if already effective.
multi-strand-pearl-necklace-set-with-floral-pendant-earrings,,Pearl Necklace Set with Floral Pendant | Gujju Jewels,"Shop the pearl necklace set with floral pendant with matching earrings at Gujju Jewels. Explore the product photos, design details and jewellery care information.",Pearl Necklace Set with Floral Pendant — front view,Reference only; verify actual image view and product details before saving. Existing SEO titles need not be replaced if already effective.
traditional-gold-tone-necklace-set-with-jhumka-earrings,,Gold-Tone Necklace Set with Jhumka Earrings | Gujju Jewels,"Shop the gold-tone necklace set with jhumka earrings with matching earrings at Gujju Jewels. Explore the product photos, design details and jewellery care information.",Gold-Tone Necklace Set with Jhumka Earrings — front view,Reference only; verify actual image view and product details before saving. Existing SEO titles need not be replaced if already effective.
traditional-gold-tone-mangalsutra-necklace,,Gold-Tone Mangalsutra with Temple Pendant | Gujju Jewels,"Shop the gold-tone mangalsutra with temple pendant for traditional and festive outfits at Gujju Jewels. Explore the product photos, design details and jewellery care information.",Gold-Tone Mangalsutra with Temple Pendant — front view,Reference only; verify actual image view and product details before saving. Existing SEO titles need not be replaced if already effective.
traditional-gold-tone-temple-necklace-set,,Gold-Tone Temple Necklace Set | Gujju Jewels,"Shop the gold-tone temple necklace set with matching earrings at Gujju Jewels. Explore the product photos, design details and jewellery care information.",Gold-Tone Temple Necklace Set — front view,Reference only; verify actual image view and product details before saving. Existing SEO titles need not be replaced if already effective.
traditional-gold-tone-kundan-inspired-bracelet-watch-for-women,Traditional Gold-Tone Kundan-Inspired Bracelet Watch for Women,Gold-Tone Kundan-Inspired Bracelet Watch | Gujju Jewels,"Shop the gold-tone kundan-inspired bracelet watch for traditional and festive outfits at Gujju Jewels. Explore the product photos, design details and jewellery care information.",Gold-Tone Kundan-Inspired Bracelet Watch — front view,Reference only; verify actual image view and product details before saving. Existing SEO titles need not be replaced if already effective.
gold-tone-curved-pendant-black-beaded-mangalsutra-necklace,,Curved Pendant Gold-Tone Mangalsutra | Gujju Jewels,"Shop the curved pendant gold-tone mangalsutra for traditional and festive outfits at Gujju Jewels. Explore the product photos, design details and jewellery care information.",Curved Pendant Gold-Tone Mangalsutra — front view,Reference only; verify actual image view and product details before saving. Existing SEO titles need not be replaced if already effective.
gold-tone-double-pendant-black-beaded-mangalsutra-necklace-with-red-stones,,Double Pendant Gold-Tone Mangalsutra | Gujju Jewels,"Shop the double pendant gold-tone mangalsutra for traditional and festive outfits at Gujju Jewels. Explore the product photos, design details and jewellery care information.",Double Pendant Gold-Tone Mangalsutra — front view,Reference only; verify actual image view and product details before saving. Existing SEO titles need not be replaced if already effective.
traditional-gold-tone-choker-necklace-set,Traditional Gold-Tone Choker Necklace Set with Earrings,Gold-Tone Choker Set with Red & Green Stones | Gujju Jewels,"Shop the gold-tone choker set with red & green stones for traditional and festive outfits at Gujju Jewels. Explore the product photos, design details and jewellery care information.",Gold-Tone Choker Set with Red & Green Stones — front view,Reference only; verify actual image view and product details before saving. Existing SEO titles need not be replaced if already effective.
traditional-gold-tone-ghungroo-necklace-set,Traditional Gold-Tone Ghungroo Necklace Set | GujjuJewels,Gold-Tone Ghungroo Necklace Set | Gujju Jewels,"Shop the gold-tone ghungroo necklace set with matching earrings at Gujju Jewels. Explore the product photos, design details and jewellery care information.",Gold-Tone Ghungroo Necklace Set — front view,Reference only; verify actual image view and product details before saving. Existing SEO titles need not be replaced if already effective.
navrang-floral-mandala-oxidised-necklace-set,Navrang Floral Mandala Oxidised Necklace Set | GujjuJewels,Navrang Floral Mandala Oxidised Necklace Set | Gujju Jewels,"Shop the navrang floral mandala oxidised necklace set with matching earrings at Gujju Jewels. Explore the product photos, design details and jewellery care information.",Navrang Floral Mandala Oxidised Necklace Set — front view,Reference only; verify actual image view and product details before saving. Existing SEO titles need not be replaced if already effective.
