Order,Priority,Evidence status,Area,Action,Where,Verification
1,High,Check in Shopify,Collections,"Verify all five menu collection URLs, Online Store publication and intended products.",Products > Collections,URLs return real populated collection pages; live tests unverified.
2,High,Confirmed in backup,Homepage internal links,Connect six category tiles and four style cards to relevant collections; align labels with actual stock.,Customize > Home page > Categories / Styles,"Each label opens its relevant collection, rather than every tile opening Shop All."
3,High,Check in Shopify,Collection metadata,"Write distinct collection descriptions, SEO titles and meta descriptions.",Products > Collections > Search engine listing,Inspect source for title/description and the visible collection introduction.
4,High,Older CSV; recheck,Product metadata,Complete missing custom SEO fields; 17 of 21 custom titles and 18 of 21 custom descriptions were blank.,Products > Search engine listing,Use concise distinctive copy; verify existing effective fields before replacement.
5,High,Missing from theme; live app output unknown,Product structured data,Run Rich Results Test; add accurate Product/Offer JSON-LD if absent.,Theme code or existing schema provider,No conflicting duplicate offers; price/currency/availability match the visible page.
6,Medium,Older CSV; recheck,Image descriptions,Add actual-view-specific image alt descriptions; 0 of 81 saved image alts in older CSV.,Products > Media > Alt text,Alt describes each real image. Existing theme title fallbacks remain.
7,Medium,Confirmed in backup,Homepage copy,"Align Statement Silver headline and banner with necklace sets, gold-tone and oxidised fashion jewellery.",Customize > Hero Banner,Copy accurately reflects the catalogue; no unverified sterling/material claims.
8,High for commerce,Older CSV; recheck,Price,Verify Chandbali Necklace Set variant price of zero.,Products > Product > Pricing,"Real intended price appears in checkout, feeds and schema."
9,Medium,Older CSV; recheck,Brand / vendor,Verify 19 products using My Store as Vendor; standardise actual brand where appropriate.,Products > Vendor,Visible vendor matches actual brand.
10,Medium,Older CSV; recheck,Catalogue classification,"Review product types, taxonomy, tags and real identifiers for collection rules/feeds.",Products > Organization,Useful collection rules and correct feed classification; no invented GTINs.
11,High,Unverified live,Indexing,"Verify public storefront, primary HTTPS domain and redirects, robots, canonical, sitemap and selected Google canonical.",Settings / Search Console,"Inspect Home, collections and representative products in Search Console."
12,High,Unverified setup,Search measurement,Verify Search Console ownership and submit sitemap.xml.,Google Search Console,Sitemap processed and indexing reasons reviewed; no guarantee of index inclusion.
13,Medium,Confirmed assets/code,Performance,Optimise 600 KB desktop and 371 KB mobile logo delivery; measure live Core Web Vitals.,Assets / header / PageSpeed Insights,Measure LCP/INP/CLS and image requests on live pages; preserve visual quality.
14,Medium,Confirmed code,Script/CSS quality,Assess deferred theme.js and repair literal escaped newline patch at homepage.css:3214.,Theme code,No new layout/cart/product/menu/checkout regressions.
15,Medium,Not present in theme,Breadcrumbs / entity,Consider visible breadcrumbs plus BreadcrumbList and accurate Organization data after product schema.,Theme code,Stable hierarchy and valid markup; avoid duplicates with existing apps.
16,Low,Not configured in backup; live source unknown,Sharing / favicon,Set or verify favicon and social share image; inspect OG and Twitter output.,Theme settings / Shopify Preferences,Legible favicon and correct image/title/description in link previews.
17,Medium,Store data not in ZIP,Trust pages,"Verify Contact, About, shipping/returns/privacy/terms pages and link genuine profiles.",Pages / Policies / Footer settings,Working truthful pages; no placeholder information.
18,Optional,Unverified setup,Analytics / shopping,Check GA4 conversion measurement and consider Merchant Center free listings after catalogue/schema cleanup.,Google integrations,Real consent-aware measurement and accurate approved product feed.
19,Conditional,Unverified live,International SEO,Check hreflang/canonicals if multiple markets or languages are enabled.,Shopify Markets / live source,Reciprocal correct-language URLs; no unnecessary manual duplication.
20,Optional,Content opportunity,Editorial content,Add useful necklace styling and care guides after core pages are correct.,Online Store > Blog,Original useful content linking to relevant products; no bulk filler.
