file,status,original_sha256,updated_sha256
assets/cart-quantity.css,modified,8c181c29c0ad6d41ccb71853440ffccc5c7c4d710f344b6ec1c19ef1b78caf75,42d937aab10249d5a2c38795feffc2f3247ffab0eb1812243817b189db4a1c93
assets/cart-quantity.js,modified,286e3f5cb1d5819f98e05feea12d1593d5f27619a5a077fd4167fae95bd98b12,73d21e42e64754c97899686b2a19a383865d64d7fcc8a93b26643c6d97befc83
assets/category-bangles.jpg,unchanged,db5890e08da77098bd3bcaec43ca44ec5aaf1347d0376774c39e282610026acf,db5890e08da77098bd3bcaec43ca44ec5aaf1347d0376774c39e282610026acf
assets/category-earrings.jpg,unchanged,0f945a161c47b013b95331dc21ca408e821531cf9c17a4dbbf864912cc5550a2,0f945a161c47b013b95331dc21ca408e821531cf9c17a4dbbf864912cc5550a2
assets/category-hair.jpg,unchanged,a022eed898f693ac2561fbd98f07cd3851b7b548b10cd1388f6c9232641825ee,a022eed898f693ac2561fbd98f07cd3851b7b548b10cd1388f6c9232641825ee
assets/category-necklaces.jpg,unchanged,a67e0756af56e684f50c8225039b54272046ed4fbad010c59e8fcedc70035b0e,a67e0756af56e684f50c8225039b54272046ed4fbad010c59e8fcedc70035b0e
assets/category-rings.jpg,unchanged,f517681a1c5deb83009f059dfb582b7138d0f640e68093b0bedb10957ca481b2,f517681a1c5deb83009f059dfb582b7138d0f640e68093b0bedb10957ca481b2
assets/category-sets.jpg,unchanged,3a75e5e082edaacf93ef7520706d252bc06efb48a3dc9d72f9dba313ccc07f41,3a75e5e082edaacf93ef7520706d252bc06efb48a3dc9d72f9dba313ccc07f41
assets/demo-category-1.jpg,unchanged,97de076222e9665a0507dc032ae88ea828942937d32021635fd800c9cbe90017,97de076222e9665a0507dc032ae88ea828942937d32021635fd800c9cbe90017
assets/demo-category-2.jpg,unchanged,2f6f0718a51418fda7f01aed08a4c90472fb597d2487db520d6230d00dcbc41b,2f6f0718a51418fda7f01aed08a4c90472fb597d2487db520d6230d00dcbc41b
assets/demo-category-3.jpg,unchanged,d023afe92b297bd22c96d09c2410d774116211e9b1995d325d29292c33c29f55,d023afe92b297bd22c96d09c2410d774116211e9b1995d325d29292c33c29f55
assets/demo-category-4.jpg,unchanged,730048d2c3848a2c811fa0c8c7d39b9b60e441cb7b3c952fde28d3d8712e3a70,730048d2c3848a2c811fa0c8c7d39b9b60e441cb7b3c952fde28d3d8712e3a70
assets/demo-category-5.jpg,unchanged,ef44e1aa2a9e6bf47f908aabdbcac606c9a69a54d560537dc484f18a8f0fd280,ef44e1aa2a9e6bf47f908aabdbcac606c9a69a54d560537dc484f18a8f0fd280
assets/demo-category-6.jpg,unchanged,3b213e9c912fe877c577b1c61dc181565a90a3b12b34674d58ca7097867eec44,3b213e9c912fe877c577b1c61dc181565a90a3b12b34674d58ca7097867eec44
assets/demo-hero-desktop.jpg,unchanged,5b9de5a00c02ab769487574396e14c874f1c6f725f8c3c6781dbb21e908d2aeb,5b9de5a00c02ab769487574396e14c874f1c6f725f8c3c6781dbb21e908d2aeb
assets/demo-hero-mobile.jpg,unchanged,f9ccee3e2d1f7cb37a1aee6dea527dc71a23ba1293cffc74a6ccec00139c7df3,f9ccee3e2d1f7cb37a1aee6dea527dc71a23ba1293cffc74a6ccec00139c7df3
assets/demo-occasion-1.jpg,unchanged,1c4f95086f6fb7080196b9854223b9b309dfbb0b895b62615ee6fc08a3b4b368,1c4f95086f6fb7080196b9854223b9b309dfbb0b895b62615ee6fc08a3b4b368
assets/demo-occasion-2.jpg,unchanged,6a64ec4e4aa94acadbfc6c50b78cf31d8326400f7b8e71e1ec435b7069934a9b,6a64ec4e4aa94acadbfc6c50b78cf31d8326400f7b8e71e1ec435b7069934a9b
assets/demo-occasion-3.jpg,unchanged,d68ea28cb2e630084effd669651b3cbe4b8ca1f9d5cee87936ff9d3940717425,d68ea28cb2e630084effd669651b3cbe4b8ca1f9d5cee87936ff9d3940717425
assets/demo-occasion-4.jpg,unchanged,76be0109b0c58b19d657e088bc05837015946640d8e984c6d3a56eb5fb8c7a21,76be0109b0c58b19d657e088bc05837015946640d8e984c6d3a56eb5fb8c7a21
assets/demo-oxidised-banner.jpg,unchanged,a8640279f5049158b75f1a23be820dcbb1ca7783b46fad7a13996f28bc2672ca,a8640279f5049158b75f1a23be820dcbb1ca7783b46fad7a13996f28bc2672ca
assets/demo-social-1.jpg,unchanged,709a6800bf7edfdda19bf6b282ef120eb9527befb8a7bbf3aac98f41460e79dc,709a6800bf7edfdda19bf6b282ef120eb9527befb8a7bbf3aac98f41460e79dc
assets/demo-social-2.jpg,unchanged,e6f5f240449733721bcf592936d2ec61bbc8f8265bf758cc892d0c90c005139f,e6f5f240449733721bcf592936d2ec61bbc8f8265bf758cc892d0c90c005139f
assets/demo-social-3.jpg,unchanged,881f1c72dbfefff969b9e56f1f6fdfbb33b2edcfabe00502a83446f01e51370d,881f1c72dbfefff969b9e56f1f6fdfbb33b2edcfabe00502a83446f01e51370d
assets/demo-social-4.jpg,unchanged,8d088a33656c9642b5380248458964088f862fdcfb7c41500cfa1362dc78295f,8d088a33656c9642b5380248458964088f862fdcfb7c41500cfa1362dc78295f
assets/demo-social-5.jpg,unchanged,4dcc7daefe8551de17174a21fd8e6706768a9459f7076d7ec2e2da9f990f0e1e,4dcc7daefe8551de17174a21fd8e6706768a9459f7076d7ec2e2da9f990f0e1e
assets/demo-social-6.jpg,unchanged,6cafc9eee601d2940c286783432be5387848fe3a34a2eddbe9e18bb5cd1d525a,6cafc9eee601d2940c286783432be5387848fe3a34a2eddbe9e18bb5cd1d525a
assets/demo-style-1.jpg,unchanged,21c0a7086a3d14e9550757ca3634daa1c2b89ab66754ced0948ce68b71b121da,21c0a7086a3d14e9550757ca3634daa1c2b89ab66754ced0948ce68b71b121da
assets/demo-style-2.jpg,unchanged,988ff334706c19ae43be47d8c6290a7c33feebd6f3f3118779fe9a68b16be35c,988ff334706c19ae43be47d8c6290a7c33feebd6f3f3118779fe9a68b16be35c
assets/demo-style-3.jpg,unchanged,e97130ca9773935627227b9cf0c10bece68eb8bdc00f6393c8103a9a38356406,e97130ca9773935627227b9cf0c10bece68eb8bdc00f6393c8103a9a38356406
assets/demo-style-4.jpg,unchanged,c1c31a41cd07c1c97dc1529cad41df54457f0ae5e91290452b3debce0d2e6afe,c1c31a41cd07c1c97dc1529cad41df54457f0ae5e91290452b3debce0d2e6afe
assets/footer-brand.css,modified,9c73222cba824dc5081e2c65b501dfd03f3505a74f1225451fb0bb113921f384,4c258842ecc9aa4b09e2755a99735d94dcc36e42d7ed3bc8e302bbf0144ad051
assets/gujjujewels-logo-desktop.png,unchanged,670abd8a5ef1b7c1db97297892cf5a0681497a1d621869ae579f009cadec4c55,670abd8a5ef1b7c1db97297892cf5a0681497a1d621869ae579f009cadec4c55
assets/gujjujewels-logo-footer.png,unchanged,7601b78c537ce20446781bf2a980418c22fdcfd2f1b14cb04f66b75ca2f1f3eb,7601b78c537ce20446781bf2a980418c22fdcfd2f1b14cb04f66b75ca2f1f3eb
assets/gujjujewels-logo-mobile.png,unchanged,66d62c4b172db99f772cd410d63caa860c5f6c774d4eb7f1b087cafd865daca5,66d62c4b172db99f772cd410d63caa860c5f6c774d4eb7f1b087cafd865daca5
assets/hero-slider.css,new,,a5e08a70dfcb8d109219e4082782e9f10a765662b170d2f03768a6d0a028fa8b
assets/hero-slider.js,new,,23fef763d1e8dd321a52ffaea441f977a9497f5375f1cf21964d8b74b1ebebe4
assets/homepage.css,modified,160e2c5c4cf269d086c3298621c29bafba5e5c24ca84917d28550af010743bd1,8ef2a8c3422fbf20a996d958a96d8c766ddeac0e74f65dc43d51f0e097392e9f
assets/product-mobile-details.css,modified,24e4ab66830eb7709eed40a099295d0544d266da8455a65b77aa6a021d14d052,e1dd32c84f458df1a8702525d46f8620bb5ba63e8cecc12941906c62bb66c1fb
assets/product-mobile-details.js,modified,31f43e99a08425479357f9cb8ff55f8ddafb88dddece4b284cca1aa1f4db529d,420f97018719fb667b2af371f42c752dc9aeedb15a7444ee809ab53daaf8813b
assets/simple-theme.css,modified,26ffc4891faea9e7da73668c80fc3d26a6db49e981ddb311579f78218c3c8373,d1ee45de0cbe8e3fd57c84342606a03cf30653ff49685b9eaafa96f577af8f83
assets/theme.css,unchanged,1fdc6a3d422ac5f45abff322f1d8d8ac2f2af4a9e586df1f35edce477e839082,1fdc6a3d422ac5f45abff322f1d8d8ac2f2af4a9e586df1f35edce477e839082
assets/theme.js,modified,214f366b13a506609292feb727af03349f1c413b12e1509a91dcead4b27efcfd,ef93e1648a4845f1f1199f6fdbb1f36de088fbc155a24ff3c5709798b26a2c7f
config/settings_data.json,unchanged,9b72f32c8ee36ee9826a5c13a275e9610e1fdc17726bd3b12d4452540f076720,9b72f32c8ee36ee9826a5c13a275e9610e1fdc17726bd3b12d4452540f076720
config/settings_schema.json,modified,b363737a0d18b72e0dce43cafdc9eacbf0294188b2665ea1864661049b9bcf68,15e55d6c070d55531203640c33d754b9038e21cd1318079fab1497a151cacff4
layout/theme.liquid,modified,d0c7d240a3f59bf4bd50778d4f14b0bfdcdf5275320c5ac3beaabcfafc9410e3,03062b42b25e557c23409d344eb4d46c93f00d420031e33d7a2e4b884f3f3fc5
locales/en.default.json,modified,358ddaf9fbf01c037be2bf82d33252e9b85a87dde8e27baed4173cecbe448416,6812b875742caff2fad93b1d9702d35bbbefeef65594e2ac9c77288204c96474
sections/announcement-bar.liquid,unchanged,0627a21518b235c4a0282cc5ca92a96d6e14a2dc2113d2db6b6daacf36864e09,0627a21518b235c4a0282cc5ca92a96d6e14a2dc2113d2db6b6daacf36864e09
sections/benefits.liquid,modified,9efe061b533263c87a331b3081dde004360a7539824b79cc78416ec65afe9abb,af629fe7819176d617aff62cf9e8a6b18b4e4d9027d55ae0d4f11aef9532100f
sections/category-directory.liquid,modified,95cca7378468c1a16bca16e96811763f1fc917ea8216e41751a8fd66b65563e9,c5d6351a33337c8e472d6ae8f9fa85b95d1c67b2c7ed5be8b23e9e079bde30bc
sections/collection-banner.liquid,modified,a35a2c8453d722bff572204e485e6375b02ec4cd13306abb2cd8c8b72dde0aff,f35507a5c5ba026c80c3af173bf113272c7856af75a34503566edced15cb2789
sections/collection-card-grid.liquid,modified,c1d24c3f5589548e8fd5406a5a9f3cce35d60c20812691c5720ae863216459a4,39592b3c7c16edeaf6783ad73054a8d69536baddbe2a130dd6cce559e3e25d53
sections/custom-footer.liquid,modified,8c5e654af8519c9c5abce26870118a0af493df8ecdaad6745ef08faad6011be1,6acc304ea09dbdec9b3fe83892e0bc1d3f938633bd4ff8a723ef299e523c6339
sections/custom-liquid.liquid,unchanged,d702d0f50d65f96a7dcb208be70249be4c51c61482392a8e25d46fee2dfe8b27,d702d0f50d65f96a7dcb208be70249be4c51c61482392a8e25d46fee2dfe8b27
sections/faq.liquid,modified,bd90807496c12b5251cd8e050a6cde410342cd974c9894f9efa045cbf368d7a1,b82afcb991a84106bc7fbf09e84a7414ab04f8173cf072d301642828b43a9f2b
sections/featured-products.liquid,modified,82d34f2ceb989477ea6b53988006dd5cb501ee39e65c492a9192fad65558f28e,ee6ad78bc2f6c07c4f3c1f0e3b738a0f8fa77f110b60c233175a53afb8ed349d
sections/footer-group.json,new,,3e1cdd078ffdbaa324e2a90c8043fc12695b09465ab73fd02201a3ac20d92347
sections/footer.liquid,modified,d4a5171ddde1ef59afa831262962586365a5cc2c7353bbb91c2ef7019e255daf,86e280b3e205509e20d0d19843455392db806118e36eb8b49bfb540813251569
sections/header-group.json,new,,c6366cb5734457548ba867a677ff4003d3df2b5f11848421617781e0c8fa38a9
sections/header.liquid,modified,da4d7f76630d4a45b57948b1adfae626beead7fdc858478f58646c0b0c1663a1,1fc7c03439b866babdf347d2b9d56554bef3f5a8bc7edd68727269e00df1ccca
sections/hero.liquid,modified,e5fab1b46a5e3f1043ecec7a221cb27027e07d64184811a582cbf44d7911c84e,40af6a787bc202fdbda1ae75d5a76a06ffbbd910331f729d2ac11cd2027881cb
sections/main-404.liquid,modified,8aab06ba13c2d1fd5d290dec901c1ba2e019aeabadc8a6518035138b3d576819,31c5a439214c47c5a3d59d3c7f5ceaceedb122213f29808bd1774426beecc45f
sections/main-article.liquid,modified,db3d8ffdebb538a1be7be20ccc5ab7f98887a2cb2b9d2187698b148795ab549f,1569a5e3331c90f0567098c5b5fe538e89d2e3367564609668865d2e86b36d23
sections/main-blog.liquid,modified,505f7dc51d1ba07447d4a94998e1ea46a79e397445b7d438de1a5f9751018aab,18adfdfe314043453670acdb573af5ee6a01f841516cfaac207355d87813d064
sections/main-cart.liquid,modified,94cb6a17b1f7874f490d2308ec4cd3159df639f4a35c411482fbcf4fe770896b,781d0269d4191724233cd4e2dd96b7f0da8025fc4242058763d70f24fb8162a4
sections/main-collection.liquid,modified,f5bea442c0d1567b0ddb706d3e8b924d2ccf4b4a0805ffcd4d3dc10c7ac76329,9d29e3cc6847aa4daaf49b436d734f2d22f9852016d310bb77bad83930cc0261
sections/main-contact.liquid,modified,88788129ab303027926b404e66eec19303240afc95aecd22796ef1358afbed46,bbf28182624767da323243aedecb970969f29e2470b3818bee8ddcfec04b7cc1
sections/main-page.liquid,modified,664033fc3e985f1149786a43a3d401133c676cd40cf847f49ebc2799e43dc7e1,3f18de69900218c5977df8b470b9d9045b83be69fbbac6c22cda90e6ca4f71b3
sections/main-product.liquid,modified,b5ab948ae00059854b44a38d455f471dc68ad0588f87d26836e489f635719e61,5ac95a2d7be73d0f0c5a4ee07667e76e90a7fe839a001c457c8114610c0ae3c8
sections/main-search.liquid,modified,b4b7e5a5a3a51d408d929c7115ca670506490a48c80d279319bc5ddeb0bfa7fa,5c1fbc02473facc759020064c9bfd6bdc21d5de8e26b4652d06697840f4dd4ff
sections/mobile-product-faq.liquid,modified,e8b03f5acb3b6033728fdf11b6b350b98be9ec028d30202397a071907fb8c919,a137f78edef93f129e98b073fd55ae2abdacd9f34675c07460f3003e2bb7b407
sections/mobile-product-recommendations.liquid,modified,2e7a977f2e04ad1397ec7548779462d7eddf4422d2cbf1205bac5ec50faeb50e,e48f9706c6f2c2fceab3baa42744f31db7359f265288d31f8f34c460d58c8fa3
sections/new-arrivals.liquid,modified,fe05819c3221758298bff5b1818be933b09b041f59eec1c027f0a3ba25ff16c6,c5bd6bfea75ad86acf3b093a24b354c277a5bf952d48dc300dab70ab6e4b0e96
sections/reviews.liquid,modified,93cf8466e701ab69fe4f91dbbb97791babe42cb421321988a32be51bbf094a1d,2c3afee0638572aa9977f9dbb2a0cd7ce427c0ad355da44ec805fcea25f76ff0
sections/shop-by-price.liquid,modified,93ad941b38ff9f9eebb1e569964721c2cd18d488c76e5940c912ea4c653f27de,b895150023be40d2d40fa1cc2e2cd6d0bd1554144537e07931c920337272da7f
sections/social-gallery.liquid,modified,ef91c6e12c5cc935a66bdca7aced5de2263567b8aa301da9c34696a2d68e8317,4989352336bc6229d0bfa24a9b069370067f12274115a99587e9d6903cc8cf5b
snippets/gujju-built-in-menu.liquid,modified,5119f0a2a9920b6a30784220e3d41edee8fb291a7b8dc676957f1d1e07f69a4a,ba56f4049965b9452fab5499623bd097747281c0d48d922425b0f79693779b55
snippets/hero-slide.liquid,new,,04d7d6abb8cd4c3d2ced13dc882d7d3d03783765f6c905408ed7966329fd11e1
snippets/icon.liquid,modified,b9866114e75624da3e3fe61044ae2bf32ff56c6eaf13671927169e96c2998c48,76a122b99ac738afa5ea89856b26e8f6bf64eb46388a248284b8a4ea4f2524e6
snippets/meta-tags.liquid,unchanged,bc42dc45023673450ae370a4c37146b63cc35884c18e2fe08882463a36a16ce4,bc42dc45023673450ae370a4c37146b63cc35884c18e2fe08882463a36a16ce4
snippets/pagination.liquid,modified,8b63ae15b86dbc738014c238284ff7c91063060d7b49b1e3d31af92e1434a73a,ff675c8e2d2820482724d3672ff08d9804458edcd85da82812d14b96eb74caf8
snippets/price.liquid,modified,d15a433fa1b14677ce35e0e52f515a9485129828c56bb48dc2e4da84cd47c924,04fc3a042f339ee283448e7e895b9c1a218b936f11d048161ca29659e9ce2378
snippets/product-card.liquid,modified,49d11ea017059aec44b87f97b53c952d7a487d4c7dd2a6923c1a4cbf0e4c81f3,6a3d2c428b64abdf8782ccbd01b148da374ecc56c3c2f9e9225f3d3c5ebba9bf
snippets/product-image.liquid,unchanged,6095bd599aef9090379ac724acb310f7190cbb43673375429e8d99d65aa566b8,6095bd599aef9090379ac724acb310f7190cbb43673375429e8d99d65aa566b8
snippets/product-mobile-details.liquid,modified,676ef7e1c69a96e6f12f5db671c1d810b7a03d5fa9cd0a364627106ba0556bdf,b91845e2464c52148262289e094154af6c22c6581b51b098ed1184f5674e709a
templates/404.json,unchanged,3321b3b8eeaf71de7a44dff26f8e5c12df59fa5d147bcd9acbd2b3f0d9b1e265,3321b3b8eeaf71de7a44dff26f8e5c12df59fa5d147bcd9acbd2b3f0d9b1e265
templates/article.json,unchanged,c41da9fb0c69f4a09a30bcd83a2e21294394d6de34392603edc7d3e0547ee581,c41da9fb0c69f4a09a30bcd83a2e21294394d6de34392603edc7d3e0547ee581
templates/blog.json,unchanged,0fcb2eb6511dc3707bc91c0272f8ec20a155af153026d786c3057f4c090b32ff,0fcb2eb6511dc3707bc91c0272f8ec20a155af153026d786c3057f4c090b32ff
templates/cart.json,unchanged,2043782247b2d3c2893bd4a66fd50744b463e43d347d7f328ca4a2896df14cb4,2043782247b2d3c2893bd4a66fd50744b463e43d347d7f328ca4a2896df14cb4
templates/collection.json,unchanged,b502c264bb75d575fcd852681bf01c155451b1fe55c893f70eb6eb651444bf0c,b502c264bb75d575fcd852681bf01c155451b1fe55c893f70eb6eb651444bf0c
templates/index.json,modified,5428bad555fe23176416f2d146ff68ef774515680b0b6b1d9e3118b4e9b5b082,a36e42490488fb3408e54b45406dc5f4f2637e25c288455179d9a8e889a0459e
templates/list-collections.json,unchanged,5978f636a12ed44ad40cd23a86f7ef364987dcba626c49abe7dae389737354e0,5978f636a12ed44ad40cd23a86f7ef364987dcba626c49abe7dae389737354e0
templates/page.contact.json,unchanged,99fce3848d90a6faae2af1f6abadb68410df358d14d6c5413cb6023b952982a5,99fce3848d90a6faae2af1f6abadb68410df358d14d6c5413cb6023b952982a5
templates/page.json,unchanged,01436452c513dd545f61a0c9412e2cdd35c10c1435dbb1d1ff340dac35f41e5a,01436452c513dd545f61a0c9412e2cdd35c10c1435dbb1d1ff340dac35f41e5a
templates/product.json,modified,656b48f993aa1dae2b0974a192a65c2bcec494b2b764deb60a271f48f3e758be,bb1b8cb2d67269ed3925b72ad56ff90085123e63bad7d42a70ff842e49e6e486
templates/search.json,unchanged,625ebd09856c05917edf0e6a627047df91dfe74a209bd55224c5b6db23046dab,625ebd09856c05917edf0e6a627047df91dfe74a209bd55224c5b6db23046dab
