file,type,audit_scope,sha256
assets/cart-quantity.css,.css,Code/configuration/settings/locale audit,8c181c29c0ad6d41ccb71853440ffccc5c7c4d710f344b6ec1c19ef1b78caf75
assets/cart-quantity.js,.js,Code/configuration/settings/locale audit,286e3f5cb1d5819f98e05feea12d1593d5f27619a5a077fd4167fae95bd98b12
assets/category-bangles.jpg,.jpg,Static image/fallback asset inventory,db5890e08da77098bd3bcaec43ca44ec5aaf1347d0376774c39e282610026acf
assets/category-earrings.jpg,.jpg,Static image/fallback asset inventory,0f945a161c47b013b95331dc21ca408e821531cf9c17a4dbbf864912cc5550a2
assets/category-hair.jpg,.jpg,Static image/fallback asset inventory,a022eed898f693ac2561fbd98f07cd3851b7b548b10cd1388f6c9232641825ee
assets/category-necklaces.jpg,.jpg,Static image/fallback asset inventory,a67e0756af56e684f50c8225039b54272046ed4fbad010c59e8fcedc70035b0e
assets/category-rings.jpg,.jpg,Static image/fallback asset inventory,f517681a1c5deb83009f059dfb582b7138d0f640e68093b0bedb10957ca481b2
assets/category-sets.jpg,.jpg,Static image/fallback asset inventory,3a75e5e082edaacf93ef7520706d252bc06efb48a3dc9d72f9dba313ccc07f41
assets/demo-category-1.jpg,.jpg,Static image/fallback asset inventory,97de076222e9665a0507dc032ae88ea828942937d32021635fd800c9cbe90017
assets/demo-category-2.jpg,.jpg,Static image/fallback asset inventory,2f6f0718a51418fda7f01aed08a4c90472fb597d2487db520d6230d00dcbc41b
assets/demo-category-3.jpg,.jpg,Static image/fallback asset inventory,d023afe92b297bd22c96d09c2410d774116211e9b1995d325d29292c33c29f55
assets/demo-category-4.jpg,.jpg,Static image/fallback asset inventory,730048d2c3848a2c811fa0c8c7d39b9b60e441cb7b3c952fde28d3d8712e3a70
assets/demo-category-5.jpg,.jpg,Static image/fallback asset inventory,ef44e1aa2a9e6bf47f908aabdbcac606c9a69a54d560537dc484f18a8f0fd280
assets/demo-category-6.jpg,.jpg,Static image/fallback asset inventory,3b213e9c912fe877c577b1c61dc181565a90a3b12b34674d58ca7097867eec44
assets/demo-hero-desktop.jpg,.jpg,Static image/fallback asset inventory,5b9de5a00c02ab769487574396e14c874f1c6f725f8c3c6781dbb21e908d2aeb
assets/demo-hero-mobile.jpg,.jpg,Static image/fallback asset inventory,f9ccee3e2d1f7cb37a1aee6dea527dc71a23ba1293cffc74a6ccec00139c7df3
assets/demo-occasion-1.jpg,.jpg,Static image/fallback asset inventory,1c4f95086f6fb7080196b9854223b9b309dfbb0b895b62615ee6fc08a3b4b368
assets/demo-occasion-2.jpg,.jpg,Static image/fallback asset inventory,6a64ec4e4aa94acadbfc6c50b78cf31d8326400f7b8e71e1ec435b7069934a9b
assets/demo-occasion-3.jpg,.jpg,Static image/fallback asset inventory,d68ea28cb2e630084effd669651b3cbe4b8ca1f9d5cee87936ff9d3940717425
assets/demo-occasion-4.jpg,.jpg,Static image/fallback asset inventory,76be0109b0c58b19d657e088bc05837015946640d8e984c6d3a56eb5fb8c7a21
assets/demo-oxidised-banner.jpg,.jpg,Static image/fallback asset inventory,a8640279f5049158b75f1a23be820dcbb1ca7783b46fad7a13996f28bc2672ca
assets/demo-social-1.jpg,.jpg,Static image/fallback asset inventory,709a6800bf7edfdda19bf6b282ef120eb9527befb8a7bbf3aac98f41460e79dc
assets/demo-social-2.jpg,.jpg,Static image/fallback asset inventory,e6f5f240449733721bcf592936d2ec61bbc8f8265bf758cc892d0c90c005139f
assets/demo-social-3.jpg,.jpg,Static image/fallback asset inventory,881f1c72dbfefff969b9e56f1f6fdfbb33b2edcfabe00502a83446f01e51370d
assets/demo-social-4.jpg,.jpg,Static image/fallback asset inventory,8d088a33656c9642b5380248458964088f862fdcfb7c41500cfa1362dc78295f
assets/demo-social-5.jpg,.jpg,Static image/fallback asset inventory,4dcc7daefe8551de17174a21fd8e6706768a9459f7076d7ec2e2da9f990f0e1e
assets/demo-social-6.jpg,.jpg,Static image/fallback asset inventory,6cafc9eee601d2940c286783432be5387848fe3a34a2eddbe9e18bb5cd1d525a
assets/demo-style-1.jpg,.jpg,Static image/fallback asset inventory,21c0a7086a3d14e9550757ca3634daa1c2b89ab66754ced0948ce68b71b121da
assets/demo-style-2.jpg,.jpg,Static image/fallback asset inventory,988ff334706c19ae43be47d8c6290a7c33feebd6f3f3118779fe9a68b16be35c
assets/demo-style-3.jpg,.jpg,Static image/fallback asset inventory,e97130ca9773935627227b9cf0c10bece68eb8bdc00f6393c8103a9a38356406
assets/demo-style-4.jpg,.jpg,Static image/fallback asset inventory,c1c31a41cd07c1c97dc1529cad41df54457f0ae5e91290452b3debce0d2e6afe
assets/footer-brand.css,.css,Code/configuration/settings/locale audit,9c73222cba824dc5081e2c65b501dfd03f3505a74f1225451fb0bb113921f384
assets/gujjujewels-logo-desktop.png,.png,Static image/fallback asset inventory,670abd8a5ef1b7c1db97297892cf5a0681497a1d621869ae579f009cadec4c55
assets/gujjujewels-logo-footer.png,.png,Static image/fallback asset inventory,7601b78c537ce20446781bf2a980418c22fdcfd2f1b14cb04f66b75ca2f1f3eb
assets/gujjujewels-logo-mobile.png,.png,Static image/fallback asset inventory,66d62c4b172db99f772cd410d63caa860c5f6c774d4eb7f1b087cafd865daca5
assets/homepage.css,.css,Code/configuration/settings/locale audit,160e2c5c4cf269d086c3298621c29bafba5e5c24ca84917d28550af010743bd1
assets/product-mobile-details.css,.css,Code/configuration/settings/locale audit,24e4ab66830eb7709eed40a099295d0544d266da8455a65b77aa6a021d14d052
assets/product-mobile-details.js,.js,Code/configuration/settings/locale audit,31f43e99a08425479357f9cb8ff55f8ddafb88dddece4b284cca1aa1f4db529d
assets/simple-theme.css,.css,Code/configuration/settings/locale audit,26ffc4891faea9e7da73668c80fc3d26a6db49e981ddb311579f78218c3c8373
assets/theme.css,.css,Code/configuration/settings/locale audit,1fdc6a3d422ac5f45abff322f1d8d8ac2f2af4a9e586df1f35edce477e839082
assets/theme.js,.js,Code/configuration/settings/locale audit,214f366b13a506609292feb727af03349f1c413b12e1509a91dcead4b27efcfd
config/settings_data.json,.json,Code/configuration/settings/locale audit,9b72f32c8ee36ee9826a5c13a275e9610e1fdc17726bd3b12d4452540f076720
config/settings_schema.json,.json,Code/configuration/settings/locale audit,b363737a0d18b72e0dce43cafdc9eacbf0294188b2665ea1864661049b9bcf68
layout/theme.liquid,.liquid,Code/configuration/settings/locale audit,d0c7d240a3f59bf4bd50778d4f14b0bfdcdf5275320c5ac3beaabcfafc9410e3
locales/en.default.json,.json,Code/configuration/settings/locale audit,358ddaf9fbf01c037be2bf82d33252e9b85a87dde8e27baed4173cecbe448416
sections/announcement-bar.liquid,.liquid,Code/configuration/settings/locale audit,0627a21518b235c4a0282cc5ca92a96d6e14a2dc2113d2db6b6daacf36864e09
sections/benefits.liquid,.liquid,Code/configuration/settings/locale audit,9efe061b533263c87a331b3081dde004360a7539824b79cc78416ec65afe9abb
sections/category-directory.liquid,.liquid,Code/configuration/settings/locale audit,95cca7378468c1a16bca16e96811763f1fc917ea8216e41751a8fd66b65563e9
sections/collection-banner.liquid,.liquid,Code/configuration/settings/locale audit,a35a2c8453d722bff572204e485e6375b02ec4cd13306abb2cd8c8b72dde0aff
sections/collection-card-grid.liquid,.liquid,Code/configuration/settings/locale audit,c1d24c3f5589548e8fd5406a5a9f3cce35d60c20812691c5720ae863216459a4
sections/custom-footer.liquid,.liquid,Code/configuration/settings/locale audit,8c5e654af8519c9c5abce26870118a0af493df8ecdaad6745ef08faad6011be1
sections/custom-liquid.liquid,.liquid,Code/configuration/settings/locale audit,d702d0f50d65f96a7dcb208be70249be4c51c61482392a8e25d46fee2dfe8b27
sections/faq.liquid,.liquid,Code/configuration/settings/locale audit,bd90807496c12b5251cd8e050a6cde410342cd974c9894f9efa045cbf368d7a1
sections/featured-products.liquid,.liquid,Code/configuration/settings/locale audit,82d34f2ceb989477ea6b53988006dd5cb501ee39e65c492a9192fad65558f28e
sections/footer.liquid,.liquid,Code/configuration/settings/locale audit,d4a5171ddde1ef59afa831262962586365a5cc2c7353bbb91c2ef7019e255daf
sections/header.liquid,.liquid,Code/configuration/settings/locale audit,da4d7f76630d4a45b57948b1adfae626beead7fdc858478f58646c0b0c1663a1
sections/hero.liquid,.liquid,Code/configuration/settings/locale audit,e5fab1b46a5e3f1043ecec7a221cb27027e07d64184811a582cbf44d7911c84e
sections/main-404.liquid,.liquid,Code/configuration/settings/locale audit,8aab06ba13c2d1fd5d290dec901c1ba2e019aeabadc8a6518035138b3d576819
sections/main-article.liquid,.liquid,Code/configuration/settings/locale audit,db3d8ffdebb538a1be7be20ccc5ab7f98887a2cb2b9d2187698b148795ab549f
sections/main-blog.liquid,.liquid,Code/configuration/settings/locale audit,505f7dc51d1ba07447d4a94998e1ea46a79e397445b7d438de1a5f9751018aab
sections/main-cart.liquid,.liquid,Code/configuration/settings/locale audit,94cb6a17b1f7874f490d2308ec4cd3159df639f4a35c411482fbcf4fe770896b
sections/main-collection.liquid,.liquid,Code/configuration/settings/locale audit,f5bea442c0d1567b0ddb706d3e8b924d2ccf4b4a0805ffcd4d3dc10c7ac76329
sections/main-contact.liquid,.liquid,Code/configuration/settings/locale audit,88788129ab303027926b404e66eec19303240afc95aecd22796ef1358afbed46
sections/main-page.liquid,.liquid,Code/configuration/settings/locale audit,664033fc3e985f1149786a43a3d401133c676cd40cf847f49ebc2799e43dc7e1
sections/main-product.liquid,.liquid,Code/configuration/settings/locale audit,b5ab948ae00059854b44a38d455f471dc68ad0588f87d26836e489f635719e61
sections/main-search.liquid,.liquid,Code/configuration/settings/locale audit,b4b7e5a5a3a51d408d929c7115ca670506490a48c80d279319bc5ddeb0bfa7fa
sections/mobile-product-faq.liquid,.liquid,Code/configuration/settings/locale audit,e8b03f5acb3b6033728fdf11b6b350b98be9ec028d30202397a071907fb8c919
sections/mobile-product-recommendations.liquid,.liquid,Code/configuration/settings/locale audit,2e7a977f2e04ad1397ec7548779462d7eddf4422d2cbf1205bac5ec50faeb50e
sections/new-arrivals.liquid,.liquid,Code/configuration/settings/locale audit,fe05819c3221758298bff5b1818be933b09b041f59eec1c027f0a3ba25ff16c6
sections/reviews.liquid,.liquid,Code/configuration/settings/locale audit,93cf8466e701ab69fe4f91dbbb97791babe42cb421321988a32be51bbf094a1d
sections/shop-by-price.liquid,.liquid,Code/configuration/settings/locale audit,93ad941b38ff9f9eebb1e569964721c2cd18d488c76e5940c912ea4c653f27de
sections/social-gallery.liquid,.liquid,Code/configuration/settings/locale audit,ef91c6e12c5cc935a66bdca7aced5de2263567b8aa301da9c34696a2d68e8317
snippets/gujju-built-in-menu.liquid,.liquid,Code/configuration/settings/locale audit,5119f0a2a9920b6a30784220e3d41edee8fb291a7b8dc676957f1d1e07f69a4a
snippets/icon.liquid,.liquid,Code/configuration/settings/locale audit,b9866114e75624da3e3fe61044ae2bf32ff56c6eaf13671927169e96c2998c48
snippets/meta-tags.liquid,.liquid,Code/configuration/settings/locale audit,bc42dc45023673450ae370a4c37146b63cc35884c18e2fe08882463a36a16ce4
snippets/pagination.liquid,.liquid,Code/configuration/settings/locale audit,8b63ae15b86dbc738014c238284ff7c91063060d7b49b1e3d31af92e1434a73a
snippets/price.liquid,.liquid,Code/configuration/settings/locale audit,d15a433fa1b14677ce35e0e52f515a9485129828c56bb48dc2e4da84cd47c924
snippets/product-card.liquid,.liquid,Code/configuration/settings/locale audit,49d11ea017059aec44b87f97b53c952d7a487d4c7dd2a6923c1a4cbf0e4c81f3
snippets/product-image.liquid,.liquid,Code/configuration/settings/locale audit,6095bd599aef9090379ac724acb310f7190cbb43673375429e8d99d65aa566b8
snippets/product-mobile-details.liquid,.liquid,Code/configuration/settings/locale audit,676ef7e1c69a96e6f12f5db671c1d810b7a03d5fa9cd0a364627106ba0556bdf
templates/404.json,.json,Code/configuration/settings/locale audit,3321b3b8eeaf71de7a44dff26f8e5c12df59fa5d147bcd9acbd2b3f0d9b1e265
templates/article.json,.json,Code/configuration/settings/locale audit,c41da9fb0c69f4a09a30bcd83a2e21294394d6de34392603edc7d3e0547ee581
templates/blog.json,.json,Code/configuration/settings/locale audit,0fcb2eb6511dc3707bc91c0272f8ec20a155af153026d786c3057f4c090b32ff
templates/cart.json,.json,Code/configuration/settings/locale audit,2043782247b2d3c2893bd4a66fd50744b463e43d347d7f328ca4a2896df14cb4
templates/collection.json,.json,Code/configuration/settings/locale audit,b502c264bb75d575fcd852681bf01c155451b1fe55c893f70eb6eb651444bf0c
templates/index.json,.json,Code/configuration/settings/locale audit,5428bad555fe23176416f2d146ff68ef774515680b0b6b1d9e3118b4e9b5b082
templates/list-collections.json,.json,Code/configuration/settings/locale audit,5978f636a12ed44ad40cd23a86f7ef364987dcba626c49abe7dae389737354e0
templates/page.contact.json,.json,Code/configuration/settings/locale audit,99fce3848d90a6faae2af1f6abadb68410df358d14d6c5413cb6023b952982a5
templates/page.json,.json,Code/configuration/settings/locale audit,01436452c513dd545f61a0c9412e2cdd35c10c1435dbb1d1ff340dac35f41e5a
templates/product.json,.json,Code/configuration/settings/locale audit,656b48f993aa1dae2b0974a192a65c2bcec494b2b764deb60a271f48f3e758be
templates/search.json,.json,Code/configuration/settings/locale audit,625ebd09856c05917edf0e6a627047df91dfe74a209bd55224c5b6db23046dab
